,0,1
0,"(6, 2, 0)",0.05415414906624047
1,"(6, 2, 1)",0.05420802610295051
2,"(6, 2, 2)",0.05418654425581504
3,"(6, 2, 3)",-0.30525163339378497
4,"(6, 2, 4)",-2.2627358858470648
5,"(6, 1, 0)",2.342674269866092
6,"(6, 1, 1)",0.08852340643403436
7,"(6, 1, 2)",0.0
8,"(6, 1, 3)",-0.01708924520793058
9,"(6, 1, 4)",-0.07319009907838926
10,"(7, 2, 0)",0.028933565265750697
11,"(7, 2, 1)",0.05811815754557812
12,"(7, 2, 2)",0.030618099251693454
13,"(7, 2, 3)",-0.14179538890320104
14,"(7, 2, 4)",-1.2093955917600792
15,"(7, 1, 0)",1.139742428993404
16,"(7, 1, 1)",0.02292209515782937
17,"(7, 1, 2)",0.0003410923459599579
18,"(7, 1, 3)",-0.0070671173209184085
19,"(7, 1, 4)",-0.01600434781124005
20,"(7, 0, 0)",0.05934350661498566
21,"(7, 0, 1)",0.00026847232586377424
22,"(7, 0, 2)",0.0008068651308207619
23,"(7, 0, 3)",-0.001747953295871716
24,"(7, 0, 4)",-0.02575139295296373
25,"(8, 2, 0)",0.002582548211145417
26,"(8, 2, 1)",0.0031355372802119126
27,"(8, 2, 2)",0.0025829734810420735
28,"(8, 2, 3)",0.0012080420874870765
29,"(8, 2, 4)",-0.15728604553611825
30,"(8, 0, 0)",0.005132830092957311
31,"(8, 0, 1)",0.0003770504265699521
32,"(8, 0, 2)",8.5546312882934e-05
33,"(8, 0, 3)",0.0013709049775666457
34,"(8, 0, 4)",-0.004939606245676334
35,"(9, 2, 0)",-0.04270760791302485
36,"(9, 2, 1)",0.044952439539710114
37,"(9, 2, 2)",0.09596757731309997
38,"(9, 2, 3)",0.1289351699879006
39,"(9, 2, 4)",0.39308108772749484
40,"(10, 2, 0)",-0.3513547947477376
41,"(10, 2, 1)",-0.026648714037442824
42,"(10, 2, 2)",9.50579173545925e-15
43,"(10, 2, 3)",-0.007534796635874258
44,"(10, 2, 4)",-0.08844051878173545
45,"(11, 2, 0)",-0.5547694459108248
46,"(11, 2, 1)",-0.17981103068566698
47,"(11, 2, 2)",1.7770827481512726e-11
48,"(11, 2, 3)",-0.0005277205605565436
49,"(11, 2, 4)",-0.10695222705835244
50,"(11, 0, 0)",-0.10681924416823076
51,"(11, 0, 1)",-0.07999345727758819
52,"(11, 0, 2)",0.02353568121715671
53,"(11, 0, 3)",0.06945845667809972
54,"(11, 0, 4)",0.023203044622337066
55,"(11, 1, 0)",-0.01831956089590247
56,"(11, 1, 1)",-0.006827384048420272
57,"(11, 1, 2)",0.005498583091060538
58,"(11, 1, 3)",-0.004672676993903297
59,"(11, 1, 4)",0.004138834608831517
60,"(12, 2, 0)",-0.4404971704749321
61,"(12, 2, 1)",-0.15006607196301597
62,"(12, 2, 2)",1.020757485681028e-07
63,"(12, 2, 3)",-0.027347545329531396
64,"(12, 2, 4)",-0.0456360494806633
65,"(12, 1, 0)",-0.07510044853001459
66,"(12, 1, 1)",0.0014793043051617013
67,"(12, 1, 2)",0.008884601609255735
68,"(12, 1, 3)",-0.000624861941916216
69,"(12, 1, 4)",-0.04113830860509275
70,"(12, 0, 0)",-0.04004459055250385
71,"(12, 0, 1)",0.016051207695001603
72,"(12, 0, 2)",0.019093100111617835
73,"(12, 0, 3)",0.014782957620570776
74,"(12, 0, 4)",0.013632069355412734
75,"(13, 2, 0)",-0.2860789133262522
76,"(13, 2, 1)",-0.13465071254668767
77,"(13, 2, 2)",1.2859508336155964e-07
78,"(13, 2, 3)",-0.02992525428182728
79,"(13, 2, 4)",-0.32603997242456323
80,"(13, 0, 0)",-0.04321986390574051
81,"(13, 0, 1)",-0.0684303418789779
82,"(13, 0, 2)",0.00919569076878517
83,"(13, 0, 3)",-0.036241920119118226
84,"(13, 0, 4)",-0.055690219612474834
85,"(13, 1, 0)",-0.021112592006183425
86,"(13, 1, 1)",-0.038947765801432235
87,"(13, 1, 2)",0.0038031476575252523
88,"(13, 1, 3)",-0.0035355293650748097
89,"(13, 1, 4)",-0.020448893609070963
90,"(14, 2, 0)",-0.052905474408058206
91,"(14, 2, 1)",-0.03560469953818728
92,"(14, 2, 2)",8.074569518815834e-15
93,"(14, 2, 3)",-0.07566991029224858
94,"(14, 2, 4)",-0.17023498864403852
95,"(15, 2, 0)",-0.0030298793201699427
96,"(15, 2, 1)",-0.016120862407738197
97,"(15, 2, 2)",1.5263851808813554e-05
98,"(15, 2, 3)",-0.0556953338863854
99,"(15, 2, 4)",-0.28476038808355597
100,"(15, 0, 0)",0.01808288064511748
101,"(15, 0, 1)",0.027526429074939966
102,"(15, 0, 2)",0.027700283023975585
103,"(15, 0, 3)",-0.03373565425535287
104,"(15, 0, 4)",-0.06918229082369656
105,"(15, 1, 0)",-0.009535575041682301
106,"(15, 1, 1)",1.509548444944206e-06
107,"(15, 1, 2)",0.0163195043038701
108,"(15, 1, 3)",0.029261740777081713
109,"(15, 1, 4)",-0.007069374890109267
110,"(16, 2, 0)",0.22187881828464634
111,"(16, 2, 1)",0.44666503541616565
112,"(16, 2, 2)",0.18189198116417998
113,"(16, 2, 3)",0.24783606636983047
114,"(16, 2, 4)",0.28387677075871304
115,"(17, 2, 0)",0.017633299644364945
116,"(17, 2, 1)",0.02341072478780387
117,"(17, 2, 2)",0.017922473209176133
118,"(17, 2, 3)",0.019837042499510786
119,"(17, 2, 4)",-0.5906560000806317
120,"(17, 1, 0)",0.7431036394186197
121,"(17, 1, 1)",0.1674396424350117
122,"(17, 1, 2)",0.01231243399497194
123,"(17, 1, 3)",0.0046773742024370886
124,"(17, 1, 4)",-0.1767175462015932
125,"(18, 2, 0)",0.03563263583342808
126,"(18, 2, 1)",0.04931581885745782
127,"(18, 2, 2)",0.03530839542729555
128,"(18, 2, 3)",-0.1698136806968326
129,"(18, 2, 4)",-1.6875088511670329
130,"(18, 1, 0)",1.9059593443542187
131,"(18, 1, 1)",0.03560823254460589
132,"(18, 1, 2)",0.0004042766893571477
133,"(18, 1, 3)",-0.028971634277493424
134,"(18, 1, 4)",-0.046669805377234405
135,"(18, 0, 0)",0.07389454134433164
136,"(18, 0, 1)",0.0021691682607189304
137,"(18, 0, 2)",0.0017523916024576314
138,"(18, 0, 3)",0.0
139,"(18, 0, 4)",-0.14642032694256402
140,"(9, 0, 0)",-0.07416126611459917
141,"(9, 0, 1)",0.03582934147720198
142,"(9, 0, 2)",0.32408738656915537
143,"(9, 0, 3)",0.08687682808282743
144,"(9, 0, 4)",0.0878522835973435
145,"(9, 1, 0)",0.4043270800453871
146,"(9, 1, 1)",0.12236914267173389
147,"(9, 1, 2)",0.12658754072017453
148,"(9, 1, 3)",0.0027826552489925264
149,"(9, 1, 4)",-0.2018853334700599
150,"(10, 1, 0)",-0.00417826364910178
151,"(10, 1, 1)",-0.00938532626141544
152,"(10, 1, 2)",0.00013932227728665674
153,"(10, 1, 3)",-0.045161112165492144
154,"(10, 1, 4)",-0.041004991436674104
155,"(14, 0, 0)",-0.0019277615746170467
156,"(14, 0, 1)",-0.004310409348168557
157,"(14, 0, 2)",0.007978187216703476
158,"(14, 0, 3)",-0.027106677228356996
159,"(14, 0, 4)",-0.011940931961960215
160,"(14, 1, 0)",-0.011403819642601664
161,"(14, 1, 1)",-0.052673152753353755
162,"(14, 1, 2)",0.0038196618780431944
163,"(14, 1, 3)",-0.0209680245620044
164,"(14, 1, 4)",-0.024850893866131447
165,"(8, 1, 0)",0.0972608004549289
166,"(8, 1, 1)",0.012175569777734008
167,"(8, 1, 2)",0.0005695745833422339
168,"(8, 1, 3)",-0.010913080346555486
169,"(8, 1, 4)",-0.040937144425277516
170,"(10, 0, 0)",-0.10508630299372129
171,"(10, 0, 1)",-0.06250865812827486
172,"(10, 0, 2)",0.025330638710392105
173,"(10, 0, 3)",0.4332429124032649
174,"(10, 0, 4)",-0.004142365900278678
175,"(16, 1, 0)",0.23673224611993646
176,"(16, 1, 1)",0.028661628201942655
177,"(16, 1, 2)",0.016590332586739434
178,"(16, 1, 3)",-0.02845579793511969
179,"(16, 1, 4)",-0.03959889650486092
180,"(16, 0, 0)",-0.020119813383054942
181,"(16, 0, 1)",0.03657090323155522
182,"(16, 0, 2)",0.3941758439516306
183,"(16, 0, 3)",-0.024110189032906112
184,"(16, 0, 4)",-0.1370757847037183
185,"(17, 0, 0)",0.05495400777796619
186,"(17, 0, 1)",0.01760296669491928
187,"(17, 0, 2)",0.00962021882785904
188,"(17, 0, 3)",0.02167920739667972
189,"(17, 0, 4)",-0.06539147159805123
190,"(6, 0, 0)",0.10916756690770084
191,"(6, 0, 1)",0.0019389781739472941
192,"(6, 0, 2)",0.0
193,"(6, 0, 3)",-0.019283278464078363
194,"(6, 0, 4)",0.0
